"Date","Open","High","Low","Close","Adj.Close","Volume"
2021-04-01,2532,2564.550049,2532,2551.75,2473.075195,1219588
2021-04-02,NA,NA,NA,2551.75,NA,NA
2021-04-03,NA,NA,NA,2551.75,NA,NA
2021-04-04,NA,NA,NA,2551.75,NA,NA
2021-04-05,2558,2558,2484.5,2510.649902,2433.242188,1268939
2021-04-06,2526,2620,2504.5,2611.600098,2531.079834,3372846
2021-04-07,2605,2668.050049,2600.100098,2628.600098,2547.555664,1937977
2021-04-08,2630,2658.399902,2628,2650.649902,2568.926025,897483
2021-04-09,2635,2655,2610.149902,2630.800049,2549.6875,1185017
2021-04-10,NA,NA,NA,2630.800049,NA,NA
2021-04-11,NA,NA,NA,2630.800049,NA,NA
2021-04-12,2578.199951,2610,2555,2602.199951,2521.969971,1427691
2021-04-13,2600,2626,2564.300049,2570.699951,2491.440918,1200230
2021-04-14,NA,NA,NA,2570.699951,NA,NA
2021-04-15,2590,2593.550049,2537,2587.699951,2507.916992,1209829
2021-04-16,2587.600098,2693.5,2581.699951,2663.699951,2581.57373,2760777
2021-04-17,NA,NA,NA,2663.699951,NA,NA
2021-04-18,NA,NA,NA,2663.699951,NA,NA
2021-04-19,2650,2650,2566.850098,2571.899902,2492.60376,1552036
2021-04-20,2600,2604.699951,2528.800049,2553.649902,2474.91626,1489287
2021-04-21,NA,NA,NA,2553.649902,NA,NA
2021-04-22,2555.649902,2557,2488,2511.25,2433.82373,1690758
2021-04-23,2527.100098,2565,2496.199951,2517.949951,2440.317383,1614593
2021-04-24,NA,NA,NA,2517.949951,NA,NA
2021-04-25,NA,NA,NA,2517.949951,NA,NA
2021-04-26,2530,2575,2530,2557.899902,2479.0354,1103980
2021-04-27,2545,2579.899902,2534,2574.350098,2494.97876,866331
2021-04-28,2588,2620.25,2575,2614.550049,2533.938721,1065561
2021-04-29,2630,2642,2570,2613.449951,2532.872803,1295346
2021-04-30,2595,2605.800049,2524.050049,2536.399902,2458.198486,1384907
2021-05-01,NA,NA,NA,2536.399902,NA,NA
2021-05-02,NA,NA,NA,2536.399902,NA,NA
2021-05-03,2510,2595.100098,2505.600098,2582.149902,2502.537842,1034774
2021-05-04,2605,2617.949951,2571.550049,2587.149902,2507.383301,1058140
2021-05-05,2617,2617,2546.100098,2567.649902,2488.485107,1220186
2021-05-06,2579.850098,2581.850098,2528,2549.050049,2470.458252,1518119
2021-05-07,2555,2590,2541.5,2551.649902,2472.978027,1416102
2021-05-08,NA,NA,NA,2551.649902,NA,NA
2021-05-09,NA,NA,NA,2551.649902,NA,NA
2021-05-10,2589,2589,2542.149902,2556.949951,2478.114746,1526814
2021-05-11,2533,2562,2521.300049,2556.25,2477.436523,1168363
2021-05-12,2577,2588.949951,2530,2556.199951,2477.387695,2085630
2021-05-13,NA,NA,NA,2556.199951,NA,NA
2021-05-14,2620,2835.25,2601.550049,2774.5,2688.95752,10543708
2021-05-15,NA,NA,NA,2774.5,NA,NA
2021-05-16,NA,NA,NA,2774.5,NA,NA
2021-05-17,2782,2824.199951,2747.550049,2782.75,2696.952637,2134352
2021-05-18,2797,2845,2789,2821.800049,2734.799072,1328605
2021-05-19,2805.149902,2849,2798.649902,2815.850098,2729.032471,1219067
2021-05-20,2814,2845,2778.5,2794.100098,2707.953125,1211975
2021-05-21,2807,2854,2795,2832.5,2745.169189,1328308
2021-05-22,NA,NA,NA,2832.5,NA,NA
2021-05-23,NA,NA,NA,2832.5,NA,NA
2021-05-24,2846,2849,2808.199951,2819.199951,2732.279053,813091
2021-05-25,2836.899902,2922.649902,2822.75,2914.399902,2824.543945,2730112
2021-05-26,2939.850098,2947.899902,2910.399902,2941.600098,2850.905518,1250531
2021-05-27,2950,2965,2902.25,2949.350098,2858.416748,2415085
2021-05-28,2958.149902,2963.800049,2931.149902,2940.699951,2850.032959,711383
2021-05-29,NA,NA,NA,2940.699951,NA,NA
2021-05-30,NA,NA,NA,2940.699951,NA,NA
2021-05-31,2938,2989.949951,2936.100098,2977.5,2885.69873,2093635
2021-06-01,2965,2982.600098,2915.100098,2931,2840.63208,1194073
2021-06-02,2918.850098,2933.75,2877.149902,2903.699951,2814.173828,2067842
2021-06-03,2919.600098,2942,2904.050049,2935.350098,2844.8479,1404434
2021-06-04,2953,2990,2908,2924.899902,2834.720459,1509084
2021-06-05,NA,NA,NA,2924.899902,NA,NA
2021-06-06,NA,NA,NA,2924.899902,NA,NA
2021-06-07,2930,2941,2903.949951,2933.100098,2842.667236,802415
2021-06-08,2928,2944.25,2907.5,2926.25,2836.028564,762931
2021-06-09,2930.800049,2965,2919.600098,2943.550049,2852.795654,1340352
2021-06-10,2945,2959.300049,2920.649902,2950.600098,2873.783936,1344559
2021-06-11,2960,2971.600098,2938.600098,2956.25,2879.287109,878445
2021-06-12,NA,NA,NA,2956.25,NA,NA
2021-06-13,NA,NA,NA,2956.25,NA,NA
2021-06-14,2955.100098,2970,2916.5,2949.899902,2873.102295,746823
2021-06-15,2970,3050,2960.949951,3042.199951,2962.999268,2262031
2021-06-16,3029,3042.199951,3005.5,3018.699951,2940.111328,859505
2021-06-17,3017.949951,3073.949951,3000.5,3060.300049,2980.628662,1533864
2021-06-18,3061.550049,3077.800049,3016.050049,3047.199951,2967.869385,2293860
2021-06-19,NA,NA,NA,3047.199951,NA,NA
2021-06-20,NA,NA,NA,3047.199951,NA,NA
2021-06-21,3024.199951,3079.149902,3021.050049,3068.550049,2988.663574,720491
2021-06-22,3085,3092.850098,3004.199951,3010.800049,2932.416992,1199238
2021-06-23,3030,3030,2983.5,2987.350098,2909.577637,1009007
2021-06-24,2987.350098,3049.699951,2975.449951,3043.25,2964.022217,985596
2021-06-25,3030.199951,3053.5,2985,3003.899902,2925.696777,786964
2021-06-26,NA,NA,NA,3003.899902,NA,NA
2021-06-27,NA,NA,NA,3003.899902,NA,NA
2021-06-28,3024,3038.850098,2976.25,2982.949951,2905.291992,891695
2021-06-29,2989,3023.850098,2973.050049,3001.5,2923.359131,1242734
2021-06-30,2999,3030,2985.649902,2992.699951,2914.788086,924522
2021-07-01,3008,3026.899902,2997,3021.600098,2942.936035,848235
2021-07-02,3032.949951,3038.800049,2999.75,3005,2926.768066,805542
2021-07-03,NA,NA,NA,3005,NA,NA
2021-07-04,NA,NA,NA,3005,NA,NA
2021-07-05,3020,3050,3007.100098,3014.800049,2936.312988,863343
2021-07-06,3003,3029.5,2996,3002.5,2924.333008,762630
2021-07-07,3065,3069,3011.25,3040.100098,2960.954346,1234865
2021-07-08,3050,3059,3018.800049,3028.300049,2949.461182,907391
2021-07-09,3022,3039.149902,3007,3010.600098,2932.222412,547082
2021-07-10,NA,NA,NA,3010.600098,NA,NA
2021-07-11,NA,NA,NA,3010.600098,NA,NA
2021-07-12,3034.899902,3042.850098,2991.050049,2999.399902,2921.313477,765566
2021-07-13,3020,3021.100098,2985.350098,2993.850098,2915.908447,703484
2021-07-14,3003,3007.75,2984.199951,3001.949951,2923.797119,470744
2021-07-15,3010,3011,2971.100098,2983.600098,2905.925049,635535
2021-07-16,2994,3006,2965,2989.300049,2911.476807,1062548
2021-07-17,NA,NA,NA,2989.300049,NA,NA
2021-07-18,NA,NA,NA,2989.300049,NA,NA
2021-07-19,2989.300049,2999.699951,2965,2981.949951,2904.318115,837836
2021-07-20,2996,3179.5,2979.550049,3159.050049,3076.807373,6755922
2021-07-21,NA,NA,NA,3159.050049,NA,NA
2021-07-22,3130,3165,3090,3106.75,3025.868896,1982572
2021-07-23,3106,3129.600098,3078.050049,3083.75,3003.468018,815329
2021-07-24,NA,NA,NA,3083.75,NA,NA
2021-07-25,NA,NA,NA,3083.75,NA,NA
2021-07-26,3079.949951,3119,3051.199951,3061.199951,2981.505127,1136884
2021-07-27,3079.399902,3081.5,3021.300049,3028.649902,2949.802002,904289
2021-07-28,3030.350098,3033,2984,3004.100098,2925.891602,996594
2021-07-29,3004.100098,3039.949951,2990.300049,2997.449951,2919.414551,762683
2021-07-30,3008,3008.649902,2951.899902,2958.449951,2881.429932,1067423
2021-07-31,NA,NA,NA,2958.449951,NA,NA
2021-08-01,NA,NA,NA,2958.449951,NA,NA
2021-08-02,2985.600098,2986.800049,2960.649902,2974.050049,2896.623535,832285
2021-08-03,3020,3065,2994.199951,3027,2948.195313,2433031
2021-08-04,3040.600098,3053.300049,3012,3018.600098,2940.013916,659295
2021-08-05,3034,3040,2980.050049,2988.399902,2910.600098,693694
2021-08-06,2995,3001,2961.449951,2966.449951,2889.221436,744159
2021-08-07,NA,NA,NA,2966.449951,NA,NA
2021-08-08,NA,NA,NA,2966.449951,NA,NA
2021-08-09,2994.649902,3015,2973.050049,2992.550049,2914.642334,825462
2021-08-10,2998,3008.300049,2960.550049,2977.149902,2899.642822,724335
2021-08-11,2987.399902,3001.449951,2952.550049,2972.600098,2895.21167,987941
2021-08-12,2974,2985.25,2958,2975.5,2898.035889,438552
2021-08-13,2980.899902,3002,2973.100098,2988.699951,2910.89209,572250
2021-08-14,NA,NA,NA,2988.699951,NA,NA
2021-08-15,NA,NA,NA,2988.699951,NA,NA
2021-08-16,2980,2984.149902,2960,2971.399902,2894.04248,461742
2021-08-17,2974,3044,2973.100098,3015.300049,2936.800049,2036757
2021-08-18,3048,3048,2992.550049,3001.550049,2923.407959,1375320
2021-08-19,NA,NA,NA,3001.550049,NA,NA
2021-08-20,3001.5,3124.050049,3001.5,3112.949951,3031.907471,3931334
2021-08-21,NA,NA,NA,3112.949951,NA,NA
2021-08-22,NA,NA,NA,3112.949951,NA,NA
2021-08-23,3159.050049,3163.850098,3051,3077.449951,2997.332031,1578949
2021-08-24,3092.800049,3092.800049,3034.550049,3045.949951,2966.6521,763704
2021-08-25,3026,3070,3012.600098,3038.050049,2958.958008,797870
2021-08-26,3064,3084.5,3026.199951,3039.649902,2960.515625,1319516
2021-08-27,3040.449951,3057.949951,3020.5,3036.800049,2957.740234,634375
2021-08-28,NA,NA,NA,3036.800049,NA,NA
2021-08-29,NA,NA,NA,3036.800049,NA,NA
2021-08-30,3056.699951,3114.25,3048.050049,3108.75,3027.817139,1051747
2021-08-31,3108.75,3210,3103.050049,3201.350098,3118.006348,2283290
2021-09-01,3230.050049,3333,3215,3302.75,3216.766113,2423168
2021-09-02,3312.949951,3319,3266.649902,3301.600098,3215.646484,847517
2021-09-03,3301.600098,3344.949951,3286.5,3338.800049,3251.87793,832039
2021-09-04,NA,NA,NA,3338.800049,NA,NA
2021-09-05,NA,NA,NA,3338.800049,NA,NA
2021-09-06,3342,3347.699951,3305.899902,3315.550049,3229.233154,664394
2021-09-07,3333.5,3394.600098,3323.850098,3336.25,3249.394287,1285818
2021-09-08,3345,3361.550049,3297,3336.600098,3249.735352,702598
2021-09-09,3305,3359,3305,3346.350098,3259.231445,591745
2021-09-10,NA,NA,NA,3346.350098,NA,NA
2021-09-11,NA,NA,NA,3346.350098,NA,NA
2021-09-12,NA,NA,NA,3346.350098,NA,NA
2021-09-13,3346.600098,3374,3330.350098,3367.050049,3279.392578,610920
2021-09-14,3384.899902,3388.600098,3356.850098,3362.5,3274.960938,569412
2021-09-15,3361.850098,3383.949951,3346.949951,3352.300049,3265.026611,587855
2021-09-16,3350,3371,3335,3342.100098,3255.091797,516746
2021-09-17,3352,3382,3285.050049,3303.050049,3217.058594,1545695
2021-09-18,NA,NA,NA,3303.050049,NA,NA
2021-09-19,NA,NA,NA,3303.050049,NA,NA
2021-09-20,3299.949951,3315,3265,3271.550049,3186.378906,689288
2021-09-21,3271.550049,3335,3271,3309.199951,3223.04834,922057
2021-09-22,3328.5,3329.949951,3288.25,3317.5,3231.132568,825945
2021-09-23,3340,3340,3315,3320.649902,3234.200195,694716
2021-09-24,3330,3505,3320.850098,3448.600098,3358.81958,2775975
2021-09-25,NA,NA,NA,3448.600098,NA,NA
2021-09-26,NA,NA,NA,3448.600098,NA,NA
2021-09-27,3461.600098,3470,3417.649902,3430.649902,3341.33667,902449
2021-09-28,3424.899902,3429.699951,3350,3379.699951,3291.712646,961271
2021-09-29,3365,3381.699951,3310,3323.050049,3236.537842,973387
2021-09-30,3329.899902,3347.699951,3220,3244.649902,3160.178955,2077896
2021-10-01,3248,3252.949951,3170,3177.850098,3095.118164,1512332
2021-10-02,NA,NA,NA,3177.850098,NA,NA
2021-10-03,NA,NA,NA,3177.850098,NA,NA
2021-10-04,3202.800049,3230.5,3178,3201.600098,3118.25,921241
2021-10-05,3208.550049,3260,3191.649902,3254.75,3170.015869,909337
2021-10-06,3262,3280,3200.649902,3212.25,3128.622559,786378
2021-10-07,3220,3318,3220,3290.850098,3205.176758,1177283
2021-10-08,3307,3329,3264.100098,3306.899902,3220.80835,882436
2021-10-09,NA,NA,NA,3306.899902,NA,NA
2021-10-10,NA,NA,NA,3306.899902,NA,NA
2021-10-11,3326.399902,3344.350098,3297.75,3306.050049,3219.980469,460197
2021-10-12,3280,3335,3280,3323.25,3236.732666,564524
2021-10-13,3343,3358.899902,3291.399902,3323.5,3236.976318,770144
2021-10-14,3342,3352.949951,3290,3297.800049,3211.945068,648597
2021-10-15,NA,NA,NA,3297.800049,NA,NA
2021-10-16,NA,NA,NA,3297.800049,NA,NA
2021-10-17,NA,NA,NA,3297.800049,NA,NA
2021-10-18,3252.5,3283.949951,3232,3241.5,3157.11084,1576121
2021-10-19,3260.899902,3269.100098,3176.100098,3183.75,3100.864258,1042069
2021-10-20,3190,3219.949951,3136.649902,3169.600098,3087.083008,1205540
2021-10-21,3194,3195.449951,2920.449951,3002,2923.846191,5103543
2021-10-22,2975,3002.949951,2912.149902,2982.399902,2904.756348,2855592
2021-10-23,NA,NA,NA,2982.399902,NA,NA
2021-10-24,NA,NA,NA,2982.399902,NA,NA
2021-10-25,2950,2950,2857.25,2918.050049,2842.081787,2161537
2021-10-26,2918.050049,3024,2898,2969.800049,2892.484131,1988263
2021-10-27,3029.199951,3145,3029.199951,3094.649902,3014.083984,4609951
2021-10-28,3103,3147.600098,3062,3116.300049,3038.754639,1791065
2021-10-29,3125,3144.699951,3083.300049,3100.100098,3022.95752,1118903
2021-10-30,NA,NA,NA,3100.100098,NA,NA
2021-10-31,NA,NA,NA,3100.100098,NA,NA
2021-11-01,3128,3142.25,3091.649902,3121.800049,3044.11792,750393
2021-11-02,3120,3139.800049,3080,3103.350098,3026.126953,881916
2021-11-03,3102.100098,3182.899902,3095,3170.649902,3091.751953,879227
2021-11-04,3179,3190,3145,3159.25,3080.635742,263595
2021-11-05,NA,NA,NA,3159.25,NA,NA
2021-11-06,NA,NA,NA,3159.25,NA,NA
2021-11-07,NA,NA,NA,3159.25,NA,NA
2021-11-08,3165,3181,3095.149902,3138,3059.914795,787824
2021-11-09,3140,3155,3120,3145.149902,3066.886475,668840
2021-11-10,3132,3136.649902,3080.5,3108.300049,3030.953613,872975
2021-11-11,3090,3106.649902,3052,3063.5,2987.268555,958143
2021-11-12,3089,3128,3075.800049,3122.899902,3045.19043,682344
2021-11-13,NA,NA,NA,3122.899902,NA,NA
2021-11-14,NA,NA,NA,3122.899902,NA,NA
2021-11-15,3126,3180,3126,3168.699951,3089.850586,696377
2021-11-16,3165,3209,3120.100098,3151.699951,3073.273438,1400107
2021-11-17,3170,3239.899902,3165.050049,3230.25,3149.868896,1616452
2021-11-18,3249.850098,3260,3214,3226.850098,3146.553711,1609821
2021-11-19,NA,NA,NA,3226.850098,NA,NA
2021-11-20,NA,NA,NA,3226.850098,NA,NA
2021-11-21,NA,NA,NA,3226.850098,NA,NA
2021-11-22,3241,3308.350098,3215.050049,3261.25,3180.097656,2146970
2021-11-23,3261.25,3288.300049,3171.550049,3185.550049,3106.281494,1482618
2021-11-24,3186.050049,3208.899902,3150,3157,3078.44165,1056213
2021-11-25,3156.5,3173.350098,3113,3144.25,3066.008789,728825
2021-11-26,3101,3167.350098,3091,3143.100098,3064.887695,1029110
2021-11-27,NA,NA,NA,3143.100098,NA,NA
2021-11-28,NA,NA,NA,3143.100098,NA,NA
2021-11-29,3131,3178.899902,3071.899902,3144.300049,3066.057861,876651
2021-11-30,3116.149902,3189,3116.149902,3143.649902,3065.423828,2340489
2021-12-01,3155.899902,3199.75,3124.100098,3138.149902,3060.060791,1741820
2021-12-02,3160,3194,3152.25,3180.600098,3101.45459,939320
2021-12-03,3185,3187.449951,3106,3110.449951,3033.050049,1216263
2021-12-04,NA,NA,NA,3110.449951,NA,NA
2021-12-05,NA,NA,NA,3110.449951,NA,NA
2021-12-06,3115,3115,3028.25,3038.300049,2962.695557,1107363
2021-12-07,3040,3069,3016.449951,3030.350098,2954.943359,2056459
2021-12-08,3031.899902,3123,3031,3108.5,3031.148682,1171484
2021-12-09,3152.399902,3183.050049,3111,3178.699951,3099.601563,1287243
2021-12-10,3184,3292,3178.699951,3283.149902,3201.452393,2554394
2021-12-11,NA,NA,NA,3283.149902,NA,NA
2021-12-12,NA,NA,NA,3283.149902,NA,NA
2021-12-13,3285.100098,3341,3270.949951,3279.850098,3198.234863,1265832
2021-12-14,3274,3305,3249,3297.5,3215.445557,863179
2021-12-15,3278.149902,3313.949951,3266.5,3301.949951,3219.784912,811946
2021-12-16,3325,3325,3270.600098,3298.600098,3216.518066,502930
2021-12-17,3275,3293.300049,3227.699951,3243.699951,3162.984375,1019403
2021-12-18,NA,NA,NA,3243.699951,NA,NA
2021-12-19,NA,NA,NA,3243.699951,NA,NA
2021-12-20,3227,3275,3181,3239.449951,3158.840088,948872
2021-12-21,3247,3296,3240,3271.350098,3189.946289,712026
2021-12-22,3275.699951,3285.649902,3241,3280.100098,3198.478516,619865
2021-12-23,3290,3307.899902,3250,3267.899902,3186.582275,1051596
2021-12-24,3280,3300,3261,3284.800049,3203.061523,651404
2021-12-25,NA,NA,NA,3284.800049,NA,NA
2021-12-26,NA,NA,NA,3284.800049,NA,NA
2021-12-27,3280.100098,3284.75,3226.199951,3272.399902,3190.970215,640701
2021-12-28,3275.949951,3375,3273,3368.199951,3284.38623,1211648
2021-12-29,3372.199951,3386,3346.199951,3367.449951,3283.654785,598421
2021-12-30,3363.25,3390,3350.300049,3365.699951,3281.948486,691223
2021-12-31,3390,3405,3361.399902,3382.949951,3298.769043,570671
2022-01-01,NA,NA,NA,3382.949951,NA,NA
2022-01-02,NA,NA,NA,3382.949951,NA,NA
2022-01-03,3383,3440.899902,3383,3422.399902,3337.237549,696276
2022-01-04,3434,3472.449951,3415.050049,3459.300049,3373.219727,790886
2022-01-05,3470,3540,3452.050049,3526.800049,3439.039795,1024506
2022-01-06,3491.149902,3537.550049,3452.149902,3514.649902,3427.19165,1312743
2022-01-07,3514.649902,3582,3496.550049,3576.300049,3487.308105,964364
2022-01-08,NA,NA,NA,3576.300049,NA,NA
2022-01-09,NA,NA,NA,3576.300049,NA,NA
2022-01-10,3580,3590,3527,3553.5,3465.075439,657511
2022-01-11,3550.600098,3564,3495.050049,3538.75,3450.692139,734344
2022-01-12,3556.899902,3582.449951,3534,3543.800049,3455.616455,594543
2022-01-13,3560,3560,3450,3456.25,3370.245361,1153984
2022-01-14,3462,3462,3346,3364.399902,3280.680664,1558978
2022-01-15,NA,NA,NA,3364.399902,NA,NA
2022-01-16,NA,NA,NA,3364.399902,NA,NA
2022-01-17,3364.399902,3399,3321,3378.649902,3294.576416,1103159
2022-01-18,3379.050049,3396.449951,3351,3373.699951,3289.749512,558543
2022-01-19,3370,3370,3267.75,3280.399902,3198.77124,1495218
2022-01-20,3282,3364.899902,3222,3306.399902,3224.124023,3075678
2022-01-21,3300.050049,3324.949951,3241.75,3274.850098,3193.359131,1441694
2022-01-22,NA,NA,NA,3274.850098,NA,NA
2022-01-23,NA,NA,NA,3274.850098,NA,NA
2022-01-24,3268,3270,3135,3155.149902,3076.637939,1575665
2022-01-25,3100,3156.949951,3010.75,3147.100098,3068.78833,2699779
2022-01-26,NA,NA,NA,3147.100098,NA,NA
2022-01-27,3140.100098,3143,3071.25,3116.949951,3039.388428,1834684
2022-01-28,3130,3170,3103,3110.850098,3033.44043,892060
2022-01-29,NA,NA,NA,3110.850098,NA,NA
2022-01-30,NA,NA,NA,3110.850098,NA,NA
2022-01-31,3140,3193.449951,3136.399902,3152.25,3073.810059,944530
2022-02-01,3194,3212.350098,3141.600098,3196.25,3116.715088,1008915
2022-02-02,3204.800049,3244.149902,3192.149902,3197.699951,3118.128906,667265
2022-02-03,3212.850098,3241.600098,3190.199951,3203,3123.297363,899753
2022-02-04,3188,3248.800049,3176.050049,3236.649902,3156.109619,705765
2022-02-05,NA,NA,NA,3236.649902,NA,NA
2022-02-06,NA,NA,NA,3236.649902,NA,NA
2022-02-07,3234,3251.199951,3143.100098,3174.699951,3095.701172,860393
2022-02-08,3179,3223.5,3166.199951,3216.350098,3136.315186,799206
2022-02-09,3230,3259,3222.75,3228.350098,3148.016357,472725
2022-02-10,3220,3248,3176,3238.75,3158.157715,728666
2022-02-11,3229.949951,3229.949951,3182.5,3216.300049,3136.266357,587840
2022-02-12,NA,NA,NA,3216.300049,NA,NA
2022-02-13,NA,NA,NA,3216.300049,NA,NA
2022-02-14,3140,3182.699951,3120,3143.449951,3065.229004,681236
2022-02-15,3140,3270,3132.850098,3264.600098,3183.364258,676844
2022-02-16,3280,3285.100098,3223,3252.850098,3171.906738,624320
2022-02-17,3273,3294.949951,3236.399902,3265.850098,3184.583252,636735
2022-02-18,3236.149902,3272,3230.050049,3258.449951,3177.367432,423801
2022-02-19,NA,NA,NA,3258.449951,NA,NA
2022-02-20,NA,NA,NA,3258.449951,NA,NA
2022-02-21,3235,3278.449951,3204.149902,3251.649902,3170.736572,547472
2022-02-22,3120,3236.800049,3120,3227.149902,3146.845947,1147209
2022-02-23,3236.899902,3296.899902,3230,3237.199951,3156.645996,935896
2022-02-24,3130,3197.800049,3051.5,3069.050049,2992.68042,1823450
2022-02-25,3105,3141.449951,3083.050049,3119.199951,3041.582031,1239456
2022-02-26,NA,NA,NA,3119.199951,NA,NA
2022-02-27,NA,NA,NA,3119.199951,NA,NA
2022-02-28,3090,3190.5,3015,3174.649902,3095.652344,1678348
2022-03-01,NA,NA,NA,3174.649902,NA,NA
2022-03-02,3107,3111.199951,2991.100098,3028.949951,2953.578125,3014206
2022-03-03,3029,3051,2862,2871.899902,2800.436035,4406840
2022-03-04,2863.800049,2863.800049,2662.050049,2738.149902,2670.014404,6979253
2022-03-05,NA,NA,NA,2738.149902,NA,NA
2022-03-06,NA,NA,NA,2738.149902,NA,NA
2022-03-07,2649.899902,2727.949951,2599.350098,2708.449951,2641.053467,3233760
2022-03-08,2690,2736.949951,2638,2723.399902,2655.631348,2611102
2022-03-09,2750,2890,2665.050049,2874.949951,2803.410156,4076068
2022-03-10,3000,3040,2891.199951,2912.800049,2840.318359,3971987
2022-03-11,2917,2939.949951,2882.350098,2932,2859.040283,1265493
2022-03-12,NA,NA,NA,2932,NA,NA
2022-03-13,NA,NA,NA,2932,NA,NA
2022-03-14,2950,2972.350098,2917.300049,2962.800049,2889.073975,1214217
2022-03-15,2998,3032,2966,2987.149902,2912.818359,1857685
2022-03-16,3043,3050,3010.75,3042,2966.302979,1287234
2022-03-17,3113.5,3163.300049,3076.5,3136.600098,3058.549561,2867519
2022-03-18,NA,NA,NA,3136.600098,NA,NA
2022-03-19,NA,NA,NA,3136.600098,NA,NA
2022-03-20,NA,NA,NA,3136.600098,NA,NA
2022-03-21,3117.300049,3117.300049,3030.100098,3045.75,2969.960205,1259015
2022-03-22,3024,3062.699951,2975,3051.149902,2975.225586,1515772
2022-03-23,3060,3079.899902,3005,3016.800049,2941.730469,948403
2022-03-24,2969.5,3038.949951,2950.550049,3025.350098,2950.067871,1243917
2022-03-25,3025.350098,3064.550049,2991,3046.949951,2971.130127,1083275
2022-03-26,NA,NA,NA,3046.949951,NA,NA
2022-03-27,NA,NA,NA,3046.949951,NA,NA
2022-03-28,3046.949951,3058.600098,2995.649902,3027.449951,2952.115479,680332
2022-03-29,3069,3087.699951,3012.699951,3042.600098,2966.888428,1120936
2022-03-30,3078,3094.350098,3055.899902,3081.550049,3004.869141,849545
2022-03-31,3115,3129.25,3066.100098,3079.949951,3003.309082,1464862
2022-04-01,3110,3121,3087.649902,3114.149902,3036.657959,637392
2022-04-02,NA,NA,NA,3114.149902,NA,NA
2022-04-03,NA,NA,NA,3114.149902,NA,NA
2022-04-04,3124.949951,3143,3093.5,3118,3040.412109,873264
2022-04-05,3110,3157,3080,3140.800049,3062.644775,805874
2022-04-06,3137,3165,3113,3154,3075.516357,736379
2022-04-07,3154,3208.949951,3145.5,3155,3076.491943,1025244
2022-04-08,3168,3220,3151.199951,3206.25,3126.466309,678898
2022-04-09,NA,NA,NA,3206.25,NA,NA
2022-04-10,NA,NA,NA,3206.25,NA,NA
2022-04-11,3184,3222,3150,3157.449951,3078.880615,672652
2022-04-12,3154.699951,3162.100098,3114.149902,3128.649902,3050.797119,794265
2022-04-13,3117.199951,3121.899902,3066.100098,3080.649902,3003.991455,1121350
2022-04-14,NA,NA,NA,3080.649902,NA,NA
2022-04-15,NA,NA,NA,3080.649902,NA,NA
2022-04-16,NA,NA,NA,3080.649902,NA,NA
2022-04-17,NA,NA,NA,3080.649902,NA,NA
2022-04-18,3056,3058,3013,3021.550049,2946.362549,1032504
2022-04-19,3030,3059.199951,2970,2991.199951,2916.767822,749782
2022-04-20,2991.300049,3089.5,2980,3083,3006.282959,838182
2022-04-21,3089.800049,3174.399902,3086.050049,3158.25,3079.6604,1069035
2022-04-22,3121.5,3173.300049,3113.25,3164.399902,3085.657227,681191
2022-04-23,NA,NA,NA,3164.399902,NA,NA
2022-04-24,NA,NA,NA,3164.399902,NA,NA
2022-04-25,3134,3155.100098,3095.100098,3130.600098,3052.69873,1096774
2022-04-26,3130,3148.699951,3105.800049,3125.649902,3047.871582,1703441
2022-04-27,3096,3164,3085.949951,3148.350098,3070.00708,963536
2022-04-28,3190,3268,3170,3247.699951,3166.884521,2001838
2022-04-29,3249,3278,3221.300049,3237.199951,3156.645996,1088970
2022-04-30,NA,NA,NA,3237.199951,NA,NA
2022-05-01,NA,NA,NA,3237.199951,NA,NA
2022-05-02,3195,3211.5,3154.050049,3200,3120.371582,595522
2022-05-03,NA,NA,NA,3200,NA,NA
2022-05-04,3178,3194.699951,3081.449951,3100.850098,3023.689209,1120002
2022-05-05,3104.75,3126.949951,3070,3076.550049,2999.993896,724601
2022-05-06,3020,3052.399902,3003.899902,3016.25,2941.194336,923941
2022-05-07,NA,NA,NA,3016.25,NA,NA
2022-05-08,NA,NA,NA,3016.25,NA,NA
2022-05-09,3000.850098,3038.800049,2975,3005.25,2930.467773,998324
2022-05-10,3051,3138.75,3036,3086.350098,3009.550049,2460016
2022-05-11,3090.399902,3109.550049,2979,3053.649902,2977.663574,1883969
2022-05-12,3042,3078,2988,3039.949951,2964.304199,1254245
2022-05-13,3074.399902,3116.25,3035.300049,3064,2987.756104,1121729
2022-05-14,NA,NA,NA,3064,NA,NA
2022-05-15,NA,NA,NA,3064,NA,NA
2022-05-16,3089.899902,3089.899902,2985.199951,2999.899902,2925.250732,733044
2022-05-17,2998.899902,3056.600098,2951,3050,2974.104248,1179081
2022-05-18,3030,3128.800049,3026,3100.100098,3022.95752,1379763
2022-05-19,3000.5,3071.699951,3000.449951,3046.899902,2971.081299,772390
2022-05-20,3080,3125,3070,3109.949951,3032.562744,778957
2022-05-21,NA,NA,NA,3109.949951,NA,NA
2022-05-22,NA,NA,NA,3109.949951,NA,NA
2022-05-23,3143.949951,3188,3130.050049,3174.199951,3095.213867,813294
2022-05-24,3174.75,3183.649902,3070,3086.850098,3010.037354,691307
2022-05-25,3039,3039,2826.300049,2838.050049,2767.428467,3381427
2022-05-26,2850,2860,2718.550049,2840.149902,2769.476318,3212196
2022-05-27,2868,2869,2781,2834.850098,2764.30835,1879534
2022-05-28,NA,NA,NA,2834.850098,NA,NA
2022-05-29,NA,NA,NA,2834.850098,NA,NA
2022-05-30,2880,2884,2817,2844,2773.230469,2525482
2022-05-31,2844,2878,2811,2859.649902,2788.490723,2408221
2022-06-01,2859.649902,2939.899902,2832.050049,2852.5,2781.519043,1770795
2022-06-02,2870.199951,2919,2848,2908.550049,2836.174316,1164197
2022-06-03,2905,2919.449951,2856,2886.899902,2815.062744,1228489
2022-06-04,NA,NA,NA,2886.899902,NA,NA
2022-06-05,NA,NA,NA,2886.899902,NA,NA
2022-06-06,2871.100098,2872,2807.699951,2817.449951,2747.341064,1193698
2022-06-07,2800,2804,2731,2744.699951,2676.401367,1403598
2022-06-08,2771.899902,2775,2700,2705.199951,2637.884277,1743575
2022-06-09,2680,2697.600098,2633.75,2686.800049,2635.040283,1857501
2022-06-10,2665,2736,2652,2708.75,2656.567627,1592920
2022-06-11,NA,NA,NA,2708.75,NA,NA
2022-06-12,NA,NA,NA,2708.75,NA,NA
2022-06-13,2669.949951,2683,2642.5,2660.75,2609.491943,1674206
2022-06-14,2617,2666.350098,2585,2635.399902,2584.630371,2296040
2022-06-15,2650,2683.600098,2627.100098,2661.149902,2609.884277,928842
2022-06-16,2694.949951,2725.449951,2640,2657.449951,2606.255371,1280628
2022-06-17,2650.100098,2657,2560,2580.199951,2530.493652,2043251
2022-06-18,NA,NA,NA,2580.199951,NA,NA
2022-06-19,NA,NA,NA,2580.199951,NA,NA
2022-06-20,2600,2673.350098,2588.350098,2660.699951,2609.443115,1595360
2022-06-21,2674.949951,2710,2640,2678.350098,2626.753174,1042074
2022-06-22,2688,2707.949951,2626.350098,2666.350098,2614.984375,1871760
2022-06-23,2674.949951,2767.949951,2674.949951,2758.199951,2705.064941,1612872
2022-06-24,2775,2784.800049,2726,2760.899902,2707.712891,2215583
2022-06-25,NA,NA,NA,2760.899902,NA,NA
2022-06-26,NA,NA,NA,2760.899902,NA,NA
2022-06-27,2779.899902,2827.649902,2765,2820.949951,2766.605957,1295734
2022-06-28,2780,2784.800049,2704.300049,2726.5,2673.975342,1838358
2022-06-29,2706.5,2719,2678,2697.800049,2645.828125,1066354
2022-06-30,2714.850098,2726.949951,2680,2695.199951,2643.27832,1291447
2022-07-01,2704.899902,2780,2685,2773.149902,2719.726563,1477191
2022-07-02,NA,NA,NA,2773.149902,NA,NA
2022-07-03,NA,NA,NA,2773.149902,NA,NA
2022-07-04,2775.149902,2798,2744.800049,2790.300049,2736.546387,653147
2022-07-05,2785,2812.300049,2760,2766.600098,2713.302979,1073043
2022-07-06,2830.550049,2869,2805.149902,2861.399902,2806.276367,2085735
2022-07-07,2901.399902,2932,2876.800049,2891.399902,2835.698486,1469087
2022-07-08,2880,2888,2840.5,2879.800049,2824.322266,1274148
2022-07-09,NA,NA,NA,2879.800049,NA,NA
2022-07-10,NA,NA,NA,2879.800049,NA,NA
2022-07-11,2874,2940.550049,2851.350098,2933.050049,2876.546387,1081885
2022-07-12,2920,2923.25,2885.399902,2893.199951,2837.463867,1115524
2022-07-13,2949,2968.949951,2926.050049,2941.199951,2884.539307,2153712
2022-07-14,2952.100098,2954.850098,2912.399902,2939.149902,2882.528809,882479
2022-07-15,2949.949951,2985,2940.449951,2978.149902,2920.777588,1668006
2022-07-16,NA,NA,NA,2978.149902,NA,NA
2022-07-17,NA,NA,NA,2978.149902,NA,NA
2022-07-18,2994.75,3025,2988.399902,3017.850098,2959.713135,823390
2022-07-19,2983.449951,3023,2978.149902,3019.100098,2960.938721,638171
2022-07-20,3033,3044.699951,3000,3006.449951,2948.532471,867436
2022-07-21,2981,3084.949951,2981,3066.100098,3007.033203,1184060
2022-07-22,3066.100098,3092.75,3048,3067.399902,3008.30835,1268141
2022-07-23,NA,NA,NA,3067.399902,NA,NA
2022-07-24,NA,NA,NA,3067.399902,NA,NA
2022-07-25,3069.5,3117.199951,3051.649902,3104.949951,3045.134521,985844
2022-07-26,3096,3149.800049,3053,3108.5,3048.616211,2876310
2022-07-27,3118.949951,3193,3096,3186.050049,3124.672607,1976407
2022-07-28,3198,3280,3182,3272.399902,3209.358887,1332572
2022-07-29,3285.399902,3354.350098,3275,3333.75,3269.526855,1836550
2022-07-30,NA,NA,NA,3333.75,NA,NA
2022-07-31,NA,NA,NA,3333.75,NA,NA
2022-08-01,3340.050049,3355,3314.5,3324.550049,3260.504395,1076122
2022-08-02,3331,3404.75,3325.600098,3396.149902,3330.724854,1650536
2022-08-03,3404,3448,3371.25,3439.649902,3373.386719,1169005
2022-08-04,3455,3476.949951,3410.899902,3460.5,3393.835449,981434
2022-08-05,3475,3491.949951,3451.550049,3473.899902,3406.977051,792478
2022-08-06,NA,NA,NA,3473.899902,NA,NA
2022-08-07,NA,NA,NA,3473.899902,NA,NA
2022-08-08,3465,3476.949951,3436.550049,3458.449951,3391.824951,724644
2022-08-09,NA,NA,NA,3458.449951,NA,NA
2022-08-10,3441,3449.850098,3396,3411.649902,3345.92627,1089295
2022-08-11,3450,3477.949951,3390,3405.199951,3339.600586,1410533
2022-08-12,3399,3434.800049,3383,3427.850098,3361.814453,548472
2022-08-13,NA,NA,NA,3427.850098,NA,NA
2022-08-14,NA,NA,NA,3427.850098,NA,NA
2022-08-15,NA,NA,NA,3427.850098,NA,NA
2022-08-16,3470,3509.449951,3455.300049,3501,3433.555176,911189
2022-08-17,3517.949951,3545.649902,3504.600098,3523.699951,3455.817627,817912
2022-08-18,3525,3542.699951,3515.550049,3535.350098,3467.243652,599877
2022-08-19,3520,3538.5,3464,3482.550049,3415.460693,581829
2022-08-20,NA,NA,NA,3482.550049,NA,NA
2022-08-21,NA,NA,NA,3482.550049,NA,NA
2022-08-22,3462.100098,3485.550049,3333.199951,3349.75,3285.21875,2336567
2022-08-23,3333,3383.949951,3316.850098,3356.600098,3291.937012,831446
2022-08-24,3339.600098,3385,3302,3378.850098,3313.758301,1182154
2022-08-25,3375,3405.149902,3351.199951,3362.5,3297.723145,615392
2022-08-26,3379.350098,3384.5,3305.649902,3323.550049,3259.523682,1384783
2022-08-27,NA,NA,NA,3323.550049,NA,NA
2022-08-28,NA,NA,NA,3323.550049,NA,NA
2022-08-29,3247,3348.350098,3236.699951,3343.25,3278.843994,1031166
2022-08-30,3331,3409.75,3331,3391.600098,3326.262695,1426459
2022-08-31,NA,NA,NA,3391.600098,NA,NA
2022-09-01,3315,3474.399902,3315,3446.550049,3380.154297,1417762
2022-09-02,3489,3489,3425,3431.050049,3364.952637,740821
2022-09-03,NA,NA,NA,3431.050049,NA,NA
2022-09-04,NA,NA,NA,3431.050049,NA,NA
2022-09-05,3425.050049,3450,3405.550049,3424.800049,3358.822998,518438
2022-09-06,3420,3434.550049,3384,3395.25,3329.842285,540937
2022-09-07,3392,3435,3385.949951,3400.350098,3334.844238,682921
2022-09-08,3450,3484.649902,3427.399902,3450.149902,3383.68457,1143090
2022-09-09,3483.699951,3483.699951,3433.449951,3441.850098,3375.544678,702805
2022-09-10,NA,NA,NA,3441.850098,NA,NA
2022-09-11,NA,NA,NA,3441.850098,NA,NA
2022-09-12,3441.850098,3453.649902,3423,3432.199951,3366.080322,641280
2022-09-13,3432,3459,3414.649902,3422.199951,3356.272949,776044
2022-09-14,3380,3448.5,3380,3438.949951,3372.700684,816678
2022-09-15,3440,3458.75,3389.100098,3395.399902,3329.989258,590182
2022-09-16,3412.399902,3420,3309.550049,3322.550049,3258.542969,1598265
2022-09-17,NA,NA,NA,3322.550049,NA,NA
2022-09-18,NA,NA,NA,3322.550049,NA,NA
2022-09-19,3320.649902,3342.100098,3231.300049,3316.25,3252.364258,1013563
2022-09-20,3335.600098,3410,3334,3393.199951,3327.831787,708184
2022-09-21,3405,3424.899902,3348,3356.050049,3291.397705,605378
2022-09-22,3356.050049,3440,3315.649902,3436,3369.807373,829396
2022-09-23,3435,3437.949951,3382.699951,3395.25,3329.842285,513370
2022-09-24,NA,NA,NA,3395.25,NA,NA
2022-09-25,NA,NA,NA,3395.25,NA,NA
2022-09-26,3370,3468,3354,3438.050049,3371.817627,1429914
2022-09-27,3454.850098,3500,3431.050049,3470.649902,3403.789795,1455383
2022-09-28,3451,3582.899902,3420,3570.649902,3501.863525,1843428
2022-09-29,3563.449951,3563.449951,3372.399902,3384.800049,3319.59375,2624894
2022-09-30,3402,3411.899902,3285.25,3342.449951,3278.059326,2159720
2022-10-01,NA,NA,NA,3342.449951,NA,NA
2022-10-02,NA,NA,NA,3342.449951,NA,NA
2022-10-03,3348,3352.5,3285.75,3302.899902,3239.27124,934543
2022-10-04,3330,3368.350098,3312.050049,3337.75,3273.449951,994382
2022-10-05,NA,NA,NA,3337.75,NA,NA
2022-10-06,3337.75,3366.75,3311.699951,3328.949951,3264.81958,922770
2022-10-07,3318,3359.600098,3287.25,3343.699951,3279.285645,774544
2022-10-08,NA,NA,NA,3343.699951,NA,NA
2022-10-09,NA,NA,NA,3343.699951,NA,NA
2022-10-10,3280,3299,3260.199951,3277.949951,3214.802002,734377
2022-10-11,3290.5,3360,3274,3298.699951,3235.152344,1411316
2022-10-12,3335,3339.5,3206,3248.199951,3185.625,1812549
2022-10-13,3230.100098,3258.199951,3193.899902,3209,3147.180176,779890
2022-10-14,3235,3246,3180,3185.5,3124.133057,845765
2022-10-15,NA,NA,NA,3185.5,NA,NA
2022-10-16,NA,NA,NA,3185.5,NA,NA
2022-10-17,3185.5,3218,3170.100098,3197.600098,3136.000244,1067773
2022-10-18,3218,3250,3212,3225.850098,3163.705811,1015424
2022-10-19,3242,3245.699951,3196.350098,3212.75,3150.85791,943543
2022-10-20,3198,3241.850098,3101.800049,3140.899902,3080.39209,2284352
2022-10-21,3140,3164.75,3072.649902,3092.399902,3032.826172,1738731
2022-10-22,NA,NA,NA,3092.399902,NA,NA
2022-10-23,NA,NA,NA,3092.399902,NA,NA
2022-10-24,3150,3159,3116,3121.649902,3061.512939,178709
2022-10-25,3134,3135,3079.899902,3084.899902,3025.471191,1016316
2022-10-26,NA,NA,NA,3084.899902,NA,NA
2022-10-27,3123,3123,3033,3043.449951,2984.81958,2005709
2022-10-28,3058.699951,3071.600098,3040,3053.399902,2994.577881,715736
2022-10-29,NA,NA,NA,3053.399902,NA,NA
2022-10-30,NA,NA,NA,3053.399902,NA,NA
2022-10-31,3082,3113,3061.050049,3107.699951,3052.22998,814364
2022-11-01,3110.5,3164.399902,3110.5,3159.399902,3103.00708,939335
2022-11-02,3158,3159.949951,3122.100098,3131.899902,3075.997803,787012
2022-11-03,3105,3148.75,3105,3141.300049,3085.230225,563798
2022-11-04,3148,3185,3125.899902,3181.350098,3124.56543,609757
2022-11-05,NA,NA,NA,3181.350098,NA,NA
2022-11-06,NA,NA,NA,3181.350098,NA,NA
2022-11-07,3186,3198,3097.449951,3103.550049,3048.154297,1669943
2022-11-08,NA,NA,NA,3103.550049,NA,NA
2022-11-09,3146,3146,3080,3086.5,3031.408447,1391333
2022-11-10,3086,3086,3033.5,3045.149902,2990.796631,1375007
2022-11-11,3090.699951,3098,3048,3055.399902,3000.863525,810288
2022-11-12,NA,NA,NA,3055.399902,NA,NA
2022-11-13,NA,NA,NA,3055.399902,NA,NA
2022-11-14,3056,3077.949951,3041.050049,3053.199951,2998.702637,811702
2022-11-15,3068.5,3095,3042,3079.300049,3024.337158,873840
2022-11-16,3079.300049,3093,3051,3083.050049,3028.020264,770953
2022-11-17,3092,3096.550049,3060,3071.600098,3016.774414,706271
2022-11-18,3095,3114.850098,3055.75,3095.5,3040.247803,1258576
2022-11-19,NA,NA,NA,3095.5,NA,NA
2022-11-20,NA,NA,NA,3095.5,NA,NA
2022-11-21,3105,3110.350098,3066.199951,3095.300049,3040.051514,612194
2022-11-22,3104,3119.5,3072.300049,3103.850098,3048.448975,764079
2022-11-23,3111,3114.800049,3090,3100.800049,3045.453369,488341
2022-11-24,3117.949951,3120.25,3092,3115.300049,3059.694336,571872
2022-11-25,3115.300049,3119.800049,3075.25,3108.149902,3052.672119,898769
2022-11-26,NA,NA,NA,3108.149902,NA,NA
2022-11-27,NA,NA,NA,3108.149902,NA,NA
2022-11-28,3108.149902,3159,3096.699951,3151.199951,3094.953613,914689
2022-11-29,3157,3169,3127.149902,3135.050049,3079.092041,877720
2022-11-30,3139.899902,3199.949951,3133.300049,3175.149902,3118.476074,2547283
2022-12-01,3191,3197,3161.25,3179.350098,3122.601318,761717
2022-12-02,3173.149902,3174.300049,3134,3143.449951,3087.342041,932259
2022-12-03,NA,NA,NA,3143.449951,NA,NA
2022-12-04,NA,NA,NA,3143.449951,NA,NA
2022-12-05,3130,3168.699951,3112.5,3156.899902,3100.551758,926122
2022-12-06,3125,3169,3125,3161.699951,3105.266113,958365
2022-12-07,3180,3234.699951,3176.399902,3226.5,3168.909424,1832282
2022-12-08,3230,3240.899902,3202.649902,3221.449951,3163.949707,851312
2022-12-09,3235,3242.350098,3206,3226.949951,3169.351318,847879
2022-12-10,NA,NA,NA,3226.949951,NA,NA
2022-12-11,NA,NA,NA,3226.949951,NA,NA
2022-12-12,3227,3230,3141.899902,3166.350098,3109.833252,1323816
2022-12-13,3185,3185,3142.649902,3178.5,3121.766357,886601
2022-12-14,3179,3195,3125,3145.949951,3089.797119,1103870
2022-12-15,3142,3161.199951,3116.699951,3130.600098,3074.721436,799124
2022-12-16,3115,3117,3050.300049,3055.899902,3001.354492,1192821
2022-12-17,NA,NA,NA,3055.899902,NA,NA
2022-12-18,NA,NA,NA,3055.899902,NA,NA
2022-12-19,3062,3088,3041,3080.949951,3025.957275,655594
2022-12-20,3075.050049,3088.649902,3018,3082.149902,3027.13623,739257
2022-12-21,3085,3112.449951,3050.050049,3069.649902,3014.859131,616324
2022-12-22,3074,3093.5,3038.050049,3088.550049,3033.421875,663202
2022-12-23,3078.949951,3086.850098,3036,3057.899902,3003.318848,1230858
2022-12-24,NA,NA,NA,3057.899902,NA,NA
2022-12-25,NA,NA,NA,3057.899902,NA,NA
2022-12-26,3057.899902,3071.899902,3028.800049,3056.050049,3001.501953,536884
2022-12-27,3060,3129,3056.300049,3112.600098,3057.04248,729041
2022-12-28,3109.949951,3143.800049,3105,3123.699951,3067.944336,972274
2022-12-29,3101,3125,3092.550049,3115.149902,3059.546875,596265
2022-12-30,3130.75,3130.75,3071.300049,3087.899902,3032.783447,836220
2022-12-31,NA,NA,NA,3087.899902,NA,NA
2023-01-01,NA,NA,NA,3087.899902,NA,NA
2023-01-02,3087.899902,3087.899902,3021,3047.25,2992.859131,1015990
2023-01-03,3047,3059.949951,3025,3028.25,2974.198242,860367
2023-01-04,3035,3050,3001.550049,3016.850098,2963.001709,836382
2023-01-05,3039.550049,3046.600098,2995.399902,3004.350098,2950.724854,1113920
2023-01-06,3010,3023.5,2952,2978.399902,2925.237793,1045526
2023-01-07,NA,NA,NA,2978.399902,NA,NA
2023-01-08,NA,NA,NA,2978.399902,NA,NA
2023-01-09,2993.300049,3017.649902,2951,2984.149902,2930.885254,808263
2023-01-10,2984.149902,2985,2952.199951,2960.350098,2907.510254,864325
2023-01-11,2974.899902,2974.899902,2935,2940.399902,2887.916016,890426
2023-01-12,2939,2939.850098,2896,2915.949951,2863.902832,1558620
2023-01-13,2925,2925,2871.75,2909.149902,2857.223633,1507864
2023-01-14,NA,NA,NA,2909.149902,NA,NA
2023-01-15,NA,NA,NA,2909.149902,NA,NA
2023-01-16,2925,2929.600098,2896,2916.050049,2864.000977,644073
2023-01-17,2925,2944.850098,2911.149902,2940.899902,2888.407471,716489
2023-01-18,2947.949951,2960,2929.350098,2945.25,2892.679688,893808
2023-01-19,2954.899902,2973.600098,2843.600098,2866.149902,2814.991455,2379947
2023-01-20,2848,2848,2781,2787.800049,2738.040283,3171005
2023-01-21,NA,NA,NA,2787.800049,NA,NA
2023-01-22,NA,NA,NA,2787.800049,NA,NA
2023-01-23,2800,2800,2767.850098,2784.449951,2734.749512,1402260
2023-01-24,2795,2827.100098,2784.449951,2810.600098,2760.433105,1061471
2023-01-25,2810.899902,2811,2767.100098,2775,2725.468506,857953
2023-01-26,NA,NA,NA,2775,NA,NA
2023-01-27,2766.600098,2772.850098,2685.850098,2722.649902,2674.052979,1801498
2023-01-28,NA,NA,NA,2722.649902,NA,NA
2023-01-29,NA,NA,NA,2722.649902,NA,NA
2023-01-30,2724,2776,2696.25,2766.199951,2716.825439,1171912
2023-01-31,2760,2779.949951,2718.050049,2725.850098,2677.196045,1961805
2023-02-01,2749.800049,2778,2704.800049,2743.75,2694.776123,1176872
2023-02-02,2741,2741,2694,2705.649902,2657.356201,1308570
2023-02-03,2705.649902,2763.899902,2700,2760.399902,2711.128906,1278409
2023-02-04,NA,NA,NA,2760.399902,NA,NA
2023-02-05,NA,NA,NA,2760.399902,NA,NA
2023-02-06,2760.399902,2765,2718,2754.199951,2705.039795,1120284
2023-02-07,2762,2774.5,2748.149902,2758.050049,2708.821289,732250
2023-02-08,2768,2784,2744.300049,2765.600098,2716.236328,811956
2023-02-09,2781.949951,2820.350098,2766.149902,2814.600098,2764.361816,946372
2023-02-10,2830,2830.949951,2793,2804.600098,2754.540283,700072
2023-02-11,NA,NA,NA,2804.600098,NA,NA
2023-02-12,NA,NA,NA,2804.600098,NA,NA
2023-02-13,2814.5,2829,2780,2790.75,2740.937256,467228
2023-02-14,2804.75,2804.75,2765,2777,2727.432861,524746
2023-02-15,2777,2798.300049,2754,2786.149902,2736.419434,817717
2023-02-16,2797,2834.350098,2790.100098,2805.949951,2755.865967,788964
2023-02-17,2802.949951,2845.850098,2785.5,2833.600098,2783.022705,840526
2023-02-18,NA,NA,NA,2833.600098,NA,NA
2023-02-19,NA,NA,NA,2833.600098,NA,NA
2023-02-20,2845,2852,2812.100098,2825.550049,2775.116211,646218
2023-02-21,2837,2838.699951,2805,2817.100098,2766.816895,631934
2023-02-22,2809.949951,2813.949951,2780,2795.949951,2746.044434,580270
2023-02-23,2805,2805.550049,2700.100098,2705.949951,2657.651123,1790570
2023-02-24,2712.100098,2762,2710,2738.5,2689.619873,1429040
2023-02-25,NA,NA,NA,2738.5,NA,NA
2023-02-26,NA,NA,NA,2738.5,NA,NA
2023-02-27,2740.399902,2758.649902,2725.050049,2749.899902,2700.816406,561317
2023-02-28,2750,2839,2727.449951,2828.800049,2778.30835,1815923
2023-03-01,2828,2853.300049,2816.050049,2840.899902,2790.192383,816598
2023-03-02,2831,2849,2811,2833.899902,2783.316895,604523
2023-03-03,2837.050049,2852,2810.649902,2828.850098,2778.357666,679295
2023-03-04,NA,NA,NA,2828.850098,NA,NA
2023-03-05,NA,NA,NA,2828.850098,NA,NA
2023-03-06,2843,2884,2830.25,2864.550049,2813.420166,1050267
2023-03-07,NA,NA,NA,2864.550049,NA,NA
2023-03-08,2870,2870,2827,2859.550049,2808.509277,580250
2023-03-09,2862,2872.449951,2836.850098,2853.550049,2802.616455,774224
2023-03-10,2844,2844,2807,2830.199951,2779.683105,489978
2023-03-11,NA,NA,NA,2830.199951,NA,NA
2023-03-12,NA,NA,NA,2830.199951,NA,NA
2023-03-13,2823.5,2849.449951,2772.199951,2784.199951,2734.50415,813217
2023-03-14,2782.949951,2786.949951,2740.050049,2745.600098,2696.593262,1060450
2023-03-15,2772.199951,2866.350098,2765.199951,2827.399902,2776.933105,2170346
2023-03-16,2850,2900,2828.699951,2893.25,2841.60791,1755487
2023-03-17,2923.949951,2923.949951,2855.050049,2862.649902,2811.553711,1848073
2023-03-18,NA,NA,NA,2862.649902,NA,NA
2023-03-19,NA,NA,NA,2862.649902,NA,NA
2023-03-20,2915,2915,2831.050049,2855.149902,2804.187744,1074367
2023-03-21,2858.149902,2887,2835,2839.100098,2788.424316,691891
2023-03-22,2825,2853.149902,2814.850098,2839.850098,2789.161133,731807
2023-03-23,2817.100098,2823,2767.75,2797.800049,2747.861572,1016581
2023-03-24,2797.800049,2815.649902,2772.850098,2798.5,2748.548828,784111
2023-03-25,NA,NA,NA,2798.5,NA,NA
2023-03-26,NA,NA,NA,2798.5,NA,NA
2023-03-27,2798.5,2820,2786.5,2803.75,2753.705322,791560
2023-03-28,2791,2810.600098,2765,2784.449951,2734.749512,558581
2023-03-29,2784.449951,2793.75,2755,2770.5,2721.048828,1087648
2023-03-30,NA,NA,NA,2770.5,NA,NA
2023-03-31,2756.050049,2775,2747.5,2761.649902,2712.356689,1967803
2023-04-01,NA,NA,NA,2761.649902,NA,NA
2023-04-02,NA,NA,NA,2761.649902,NA,NA
2023-04-03,2746.949951,2781.649902,2708.649902,2777,2727.432861,1035295
2023-04-04,NA,NA,NA,2777,NA,NA
2023-04-05,2760,2811.550049,2752.25,2808.5,2758.370605,668643
2023-04-06,2807.449951,2825,2786.800049,2809.850098,2759.696289,627554
2023-04-07,NA,NA,NA,2809.850098,NA,NA
2023-04-08,NA,NA,NA,2809.850098,NA,NA
2023-04-09,NA,NA,NA,2809.850098,NA,NA
2023-04-10,2810,2810,2755.100098,2776.350098,2726.794434,1215461
2023-04-11,2790,2790,2750.050049,2753.800049,2704.646973,1246379
2023-04-12,2755.550049,2806.199951,2751,2786.75,2737.008789,2235399
2023-04-13,2786.699951,2813.300049,2782,2809.75,2759.598145,602597
2023-04-14,NA,NA,NA,2809.75,NA,NA
2023-04-15,NA,NA,NA,2809.75,NA,NA
2023-04-16,NA,NA,NA,2809.75,NA,NA
2023-04-17,2825,2845.600098,2806,2843.100098,2792.353027,754555
2023-04-18,2848,2858.449951,2830.100098,2854.600098,2803.647949,717724
2023-04-19,2836.350098,2852.699951,2800.649902,2809.699951,2759.549072,799624
2023-04-20,2820,2851,2813.149902,2843.850098,2793.0896,761101
2023-04-21,2847.100098,2887,2847.100098,2882.100098,2830.656738,894930
2023-04-22,NA,NA,NA,2882.100098,NA,NA
2023-04-23,NA,NA,NA,2882.100098,NA,NA
2023-04-24,2882.100098,2898,2852,2891.100098,2839.496338,782967
2023-04-25,2891.050049,2901.75,2864.149902,2898,2846.272949,636120
2023-04-26,2896.949951,2916.449951,2888.050049,2910,2858.058594,569221
2023-04-27,2915.5,2920,2893.850098,2899.949951,2848.187988,599461
2023-04-28,2919.949951,2919.949951,2846.600098,2902.350098,2850.54541,1080665
2023-04-29,NA,NA,NA,2902.350098,NA,NA
2023-04-30,NA,NA,NA,2902.350098,NA,NA
2023-05-01,NA,NA,NA,2902.350098,NA,NA
2023-05-02,2910.949951,2933.699951,2893,2899.550049,2847.79541,663800
2023-05-03,2918,2962.399902,2897,2929.699951,2877.407227,1237193
2023-05-04,2948,2986.149902,2922.149902,2982.850098,2929.608643,1008540
2023-05-05,2971,3025,2951.050049,3012.949951,2959.171143,1326561
2023-05-06,NA,NA,NA,3012.949951,NA,NA
2023-05-07,NA,NA,NA,3012.949951,NA,NA
2023-05-08,3015,3035.699951,2993,3019.449951,2965.555176,941879
2023-05-09,3016.050049,3074.800049,3010.75,3034.800049,2980.631592,1025850
2023-05-10,3042.949951,3057,3018.899902,3041.399902,2987.113281,751851
2023-05-11,3052.050049,3156.149902,3031.5,3139.75,3083.708008,3229605
2023-05-12,3139,3179.75,3086,3131.100098,3075.212402,1998170
2023-05-13,NA,NA,NA,3131.100098,NA,NA
2023-05-14,NA,NA,NA,3131.100098,NA,NA
2023-05-15,3134.199951,3168,3121.050049,3132,3076.096436,810281
2023-05-16,3132,3165.699951,3122.350098,3138.100098,3082.087646,822404
2023-05-17,3136,3147.949951,3075.550049,3092.449951,3037.252197,835371
2023-05-18,3105.649902,3125,3093.25,3109.050049,3053.556152,498067
2023-05-19,3124,3127.949951,3068.050049,3084.449951,3029.39502,633262
2023-05-20,NA,NA,NA,3084.449951,NA,NA
2023-05-21,NA,NA,NA,3084.449951,NA,NA
2023-05-22,3070,3105.600098,3046,3084.899902,3029.837158,659425
2023-05-23,3087,3127.949951,3085,3120.600098,3064.899902,581204
2023-05-24,3115,3133.149902,3098,3101.5,3046.140625,439465
2023-05-25,3101.5,3129,3086,3123.550049,3067.797119,500313
2023-05-26,3123,3136.949951,3111.75,3128.399902,3072.560303,568249
2023-05-27,NA,NA,NA,3128.399902,NA,NA
2023-05-28,NA,NA,NA,3128.399902,NA,NA
2023-05-29,3147.199951,3155,3116.050049,3137.399902,3081.399902,535712
2023-05-30,3146.899902,3155,3127.550049,3144.399902,3088.274902,506026
2023-05-31,3151.949951,3219.350098,3136.449951,3192.949951,3135.958496,2349066
2023-06-01,3235.350098,3249.899902,3207,3240.699951,3182.855957,1104861
2023-06-02,3239.399902,3249.949951,3219,3237.25,3179.467773,781973
2023-06-03,NA,NA,NA,3237.25,NA,NA
2023-06-04,NA,NA,NA,3237.25,NA,NA
2023-06-05,3239.949951,3239.949951,3195,3199.75,3142.636963,492565
2023-06-06,3207.75,3238.899902,3195,3212.75,3155.404785,577698
2023-06-07,3217,3229.25,3206.25,3224.800049,3167.239746,470038
2023-06-08,3220,3247,3193,3212.25,3154.914063,561161
2023-06-09,3209.800049,3238.899902,3168.550049,3180.550049,3144.582031,1239045
2023-06-10,NA,NA,NA,3180.550049,NA,NA
2023-06-11,NA,NA,NA,3180.550049,NA,NA
2023-06-12,3185.199951,3202.350098,3151.149902,3194.75,3158.621582,1029156
2023-06-13,3210,3272,3205.149902,3262.850098,3225.951416,1598821
2023-06-14,3265,3289.899902,3253,3270.199951,3233.218018,741615
2023-06-15,3276,3304,3273.350098,3294.350098,3257.095215,806994
2023-06-16,3291.75,3322,3286.550049,3316.850098,3279.340576,984671
2023-06-17,NA,NA,NA,3316.850098,NA,NA
2023-06-18,NA,NA,NA,3316.850098,NA,NA
2023-06-19,3318.850098,3344.949951,3303.25,3309.699951,3272.271484,516915
2023-06-20,3315,3326.850098,3277.100098,3318.699951,3281.169678,866290
2023-06-21,3318.699951,3333,3300,3316.100098,3278.599365,742456
2023-06-22,3325,3326.850098,3242.449951,3248.050049,3211.318604,871640
2023-06-23,3265,3304.149902,3253.050049,3297.699951,3260.407227,1260659
2023-06-24,NA,NA,NA,3297.699951,NA,NA
2023-06-25,NA,NA,NA,3297.699951,NA,NA
2023-06-26,3295,3315.350098,3271.399902,3308.149902,3270.73877,592801
2023-06-27,3275,3344.5,3273.350098,3326,3288.387207,914141
2023-06-28,3331,3355.25,3323.5,3348.25,3310.385498,713110
2023-06-29,NA,NA,NA,3348.25,NA,NA
2023-06-30,3353,3449.600098,3343.75,3362.050049,3324.029541,1436363
2023-07-01,NA,NA,NA,3362.050049,NA,NA
2023-07-02,NA,NA,NA,3362.050049,NA,NA
2023-07-03,3365,3379.949951,3337.199951,3358.699951,3320.717529,474224
2023-07-04,3358.699951,3387,3331,3347.699951,3309.841797,473663
2023-07-05,3351.350098,3400,3340.75,3374.399902,3336.239746,632406
2023-07-06,3410,3410,3367.800049,3399.399902,3360.957031,693995
2023-07-07,3385,3414,3337.149902,3343.699951,3305.886963,620761
2023-07-08,NA,NA,NA,3343.699951,NA,NA
2023-07-09,NA,NA,NA,3343.699951,NA,NA
2023-07-10,3345,3372.050049,3293.949951,3343.149902,3305.343262,548838
2023-07-11,3349.949951,3399.949951,3345,3392.550049,3354.18457,772158
2023-07-12,3408,3414.399902,3362.25,3406.75,3368.224121,1025127
2023-07-13,3425,3425,3384.350098,3398.550049,3360.116699,750126
2023-07-14,3398.550049,3439,3387,3429.75,3390.963867,832843
2023-07-15,NA,NA,NA,3429.75,NA,NA
2023-07-16,NA,NA,NA,3429.75,NA,NA
2023-07-17,3429.75,3473,3425,3460.399902,3421.267334,817694
2023-07-18,3460,3523,3455.600098,3513.449951,3473.717285,962485
2023-07-19,3520,3530,3482.5,3514.649902,3474.903564,620289
2023-07-20,3510.050049,3535,3494.949951,3526,3486.125244,589848
2023-07-21,3535.949951,3537.949951,3505,3517.699951,3477.919434,857975
2023-07-22,NA,NA,NA,3517.699951,NA,NA
2023-07-23,NA,NA,NA,3517.699951,NA,NA
2023-07-24,3506,3568,3498.5,3543.699951,3503.625244,680246
2023-07-25,3547.899902,3547.899902,3350,3400.399902,3361.945801,2555630
2023-07-26,3399.850098,3413,3365,3373,3334.855713,959076
2023-07-27,3390,3414,3351,3369.399902,3331.296143,874078
2023-07-28,3375,3399,3364.5,3390.699951,3352.355469,553750
2023-07-29,NA,NA,NA,3390.699951,NA,NA
2023-07-30,NA,NA,NA,3390.699951,NA,NA
2023-07-31,3323.199951,3388,3323.149902,3377.350098,3339.156738,933890
2023-08-01,3372,3385,3338,3342.949951,3305.145508,698667
2023-08-02,3341.199951,3371.949951,3330.649902,3362.899902,3324.869873,857218
2023-08-03,3370,3379.949951,3317.949951,3336.350098,3298.620117,711067
2023-08-04,3338.149902,3373.300049,3323,3339.649902,3301.882813,519248
2023-08-05,NA,NA,NA,3339.649902,NA,NA
2023-08-06,NA,NA,NA,3339.649902,NA,NA
2023-08-07,3316.050049,3350,3316,3343,3305.195068,360358
2023-08-08,3343,3359.949951,3332.649902,3348.050049,3310.187988,500258
2023-08-09,3332.550049,3356.949951,3303,3331,3293.330566,643222
2023-08-10,3310,3320,3230,3237.899902,3201.283447,1253219
2023-08-11,3237.899902,3248.949951,3180,3185.350098,3149.327881,919023
2023-08-12,NA,NA,NA,3185.350098,NA,NA
2023-08-13,NA,NA,NA,3185.350098,NA,NA
2023-08-14,3185.350098,3209.899902,3152.25,3202.600098,3166.382813,815534
2023-08-15,NA,NA,NA,3202.600098,NA,NA
2023-08-16,3194.899902,3208.850098,3176.899902,3194.050049,3157.929443,597686
2023-08-17,3223.899902,3224,3162,3183.25,3147.251465,873392
2023-08-18,3174.899902,3185.5,3155,3163.550049,3127.774414,592652
2023-08-19,NA,NA,NA,3163.550049,NA,NA
2023-08-20,NA,NA,NA,3163.550049,NA,NA
2023-08-21,3159.899902,3187.5,3152.149902,3182.300049,3146.3125,353330
2023-08-22,3198.600098,3198.600098,3171,3179.699951,3143.741455,377068
2023-08-23,3186,3196,3165.25,3168.800049,3132.964844,370811
2023-08-24,3185,3232.899902,3170.899902,3225.600098,3189.122803,1167742
2023-08-25,3224.899902,3265,3216.199951,3259.300049,3222.441406,1363431
2023-08-26,NA,NA,NA,3259.300049,NA,NA
2023-08-27,NA,NA,NA,3259.300049,NA,NA
2023-08-28,3264.949951,3272,3231.050049,3259.699951,3222.836914,707315
2023-08-29,3261,3289,3255.050049,3285.699951,3248.542969,533163
2023-08-30,3301.300049,3302.850098,3276.399902,3294.699951,3257.440918,599080
2023-08-31,3300.050049,3302,3220,3256.100098,3219.277832,1601967
2023-09-01,3241.100098,3264.199951,3217.100098,3259.550049,3222.688721,650131
2023-09-02,NA,NA,NA,3259.550049,NA,NA
2023-09-03,NA,NA,NA,3259.550049,NA,NA
2023-09-04,3259.550049,3266.25,3216.100098,3235.550049,3198.960205,696213
2023-09-05,3245,3248.850098,3220,3223.300049,3186.848633,597022
2023-09-06,3209,3230,3195,3225.300049,3188.826172,754106
2023-09-07,3225.300049,3253.75,3201.25,3246.350098,3209.638184,923108
2023-09-08,3250.550049,3263.050049,3232,3238.050049,3201.431885,395918
2023-09-09,NA,NA,NA,3238.050049,NA,NA
2023-09-10,NA,NA,NA,3238.050049,NA,NA
2023-09-11,3242,3265,3242,3259.399902,3222.540283,359345
2023-09-12,3260,3279.800049,3243,3256.850098,3220.019287,554905
2023-09-13,3245,3284.649902,3225.300049,3277.75,3240.682861,880907
2023-09-14,3282,3294.199951,3223.25,3240.25,3203.606934,1102554
2023-09-15,3235,3240,3185,3196.649902,3160.499756,1568607
2023-09-16,NA,NA,NA,3196.649902,NA,NA
2023-09-17,NA,NA,NA,3196.649902,NA,NA
2023-09-18,3200,3229.899902,3190,3206.300049,3170.040771,673602
2023-09-19,NA,NA,NA,3206.300049,NA,NA
2023-09-20,3206.300049,3228,3195,3214.350098,3178,901084
2023-09-21,3210,3261.199951,3180.550049,3244.199951,3207.512207,845739
2023-09-22,3234.949951,3283.600098,3221.149902,3274.850098,3237.815674,896521
2023-09-23,NA,NA,NA,3274.850098,NA,NA
2023-09-24,NA,NA,NA,3274.850098,NA,NA
2023-09-25,3272.300049,3334.800049,3271.149902,3323.25,3285.668457,1422084
2023-09-26,3323,3324.899902,3260.350098,3292.800049,3255.562744,834560
2023-09-27,3288,3309,3271.699951,3301.800049,3264.460938,516326
2023-09-28,3281.800049,3289,3155,3170.350098,3134.497559,2104381
2023-09-29,3195,3195,3134,3161.050049,3125.30249,1550585
2023-09-30,NA,NA,NA,3161.050049,NA,NA
2023-10-01,NA,NA,NA,3161.050049,NA,NA
2023-10-02,NA,NA,NA,3161.050049,NA,NA
2023-10-03,3166.100098,3227.800049,3162,3166.850098,3131.037109,1219145
2023-10-04,3164.949951,3189,3151.350098,3169.899902,3134.052246,892584
2023-10-05,3210,3232.100098,3174.300049,3206.25,3169.991455,1002610
2023-10-06,3214.75,3217,3190,3195.75,3159.610107,814257
2023-10-07,NA,NA,NA,3195.75,NA,NA
2023-10-08,NA,NA,NA,3195.75,NA,NA
2023-10-09,3140.050049,3163,3132.699951,3152.800049,3117.145752,700012
2023-10-10,3150,3164.899902,3140.050049,3151.5,3115.860596,847367
2023-10-11,3169,3185,3152.050049,3163.899902,3128.120117,1025317
2023-10-12,3186,3188.5,3150.050049,3159.100098,3123.374756,992531
2023-10-13,3150,3172,3128.25,3148.800049,3113.191162,854688
2023-10-14,NA,NA,NA,3148.800049,NA,NA
2023-10-15,NA,NA,NA,3148.800049,NA,NA
2023-10-16,3124,3128,3096.100098,3112.050049,3076.856689,853011
2023-10-17,3137,3137,3091.800049,3113.550049,3078.3396,792640
2023-10-18,3110,3115.199951,3090,3096.449951,3061.432861,481985
2023-10-19,3087.699951,3110.899902,3076.100098,3101.800049,3066.722656,568124
2023-10-20,3092.5,3115.100098,3064.550049,3105.850098,3070.726807,711434
2023-10-21,NA,NA,NA,3105.850098,NA,NA
2023-10-22,NA,NA,NA,3105.850098,NA,NA
2023-10-23,3096.050049,3108.899902,3064,3072,3037.259521,374476
2023-10-24,NA,NA,NA,3072,NA,NA
2023-10-25,3093.399902,3108,3052,3060.800049,3026.186279,669290
2023-10-26,3051.100098,3055,2940,2960.300049,2926.822754,1834111
2023-10-27,2932.800049,2974.649902,2931,2955.149902,2921.730957,1708185
2023-10-28,NA,NA,NA,2955.149902,NA,NA
2023-10-29,NA,NA,NA,2955.149902,NA,NA
2023-10-30,2974,2991.949951,2939.100098,2967.100098,2933.546143,878885
2023-10-31,2969,3012.75,2966,2995.699951,2961.82251,1152306
2023-11-01,2997.949951,3008.899902,2930,2934.550049,2901.364014,1029990
2023-11-02,2961.050049,2962,2934,2955.399902,2921.978027,900125
2023-11-03,2957,2982.899902,2942,2977.850098,2949.313965,715997
2023-11-04,NA,NA,NA,2977.850098,NA,NA
2023-11-05,NA,NA,NA,2977.850098,NA,NA
2023-11-06,2998,3034.050049,2983.850098,3029.300049,3000.270752,620959
2023-11-07,3029.300049,3038.949951,3002.199951,3033.350098,3004.281982,757998
2023-11-08,3058,3098.949951,3046.199951,3095.25,3065.588867,783400
2023-11-09,3100,3111.399902,3074.050049,3080.199951,3050.682861,849702
2023-11-10,3070,3085,3040.100098,3076.449951,3046.968994,364232
2023-11-11,NA,NA,NA,3076.449951,NA,NA
2023-11-12,NA,NA,NA,3076.449951,NA,NA
2023-11-13,3098,3098,3065,3085.600098,3056.03125,405941
2023-11-14,NA,NA,NA,3085.600098,NA,NA
2023-11-15,3085.699951,3118.850098,3078.699951,3116.199951,3086.337891,700017
2023-11-16,3119,3140.899902,3097.600098,3130.300049,3100.302979,675454
2023-11-17,3150,3228.25,3145.649902,3168.899902,3138.532959,1430175
2023-11-18,NA,NA,NA,3168.899902,NA,NA
2023-11-19,NA,NA,NA,3168.899902,NA,NA
2023-11-20,3168.899902,3171.899902,3132,3140.350098,3110.256592,406431
2023-11-21,3156.899902,3156.899902,3127,3133.25,3103.224609,409069
2023-11-22,3140,3157,3121.199951,3133,3102.977051,489889
2023-11-23,3148,3171.399902,3115.149902,3122.949951,3093.023193,792460
2023-11-24,3118,3139.800049,3111,3136.149902,3106.09668,756329
2023-11-25,NA,NA,NA,3136.149902,NA,NA
2023-11-26,NA,NA,NA,3136.149902,NA,NA
2023-11-27,NA,NA,NA,3136.149902,NA,NA
2023-11-28,3141.149902,3160,3136.149902,3148.350098,3118.179932,647883
2023-11-29,3148.350098,3170,3142,3148.350098,3118.179932,620725
2023-11-30,3148.350098,3153.949951,3108.350098,3119.899902,3090.002441,1793116
2023-12-01,3146.949951,3190.600098,3140.25,3173.399902,3142.989746,960196
2023-12-02,NA,NA,NA,3173.399902,NA,NA
2023-12-03,NA,NA,NA,3173.399902,NA,NA
2023-12-04,3190,3204.449951,3166.5,3194.550049,3163.937256,1018189
2023-12-05,3197,3247.649902,3180,3226.25,3195.333496,1005550
2023-12-06,3265,3289,3232.949951,3252.550049,3221.381348,1229158
2023-12-07,3284,3299.949951,3246.850098,3251.800049,3220.638672,1071725
2023-12-08,3255,3269.800049,3227.800049,3232,3201.02832,895852
2023-12-09,NA,NA,NA,3232,NA,NA
2023-12-10,NA,NA,NA,3232,NA,NA
2023-12-11,3230,3245,3185.5,3233,3202.018799,910426
2023-12-12,3228,3257.050049,3210,3224.75,3193.8479,1019030
2023-12-13,3240,3254.949951,3190.300049,3243.649902,3212.56665,1052079
2023-12-14,3255,3258.600098,3218,3241.350098,3210.288818,923107
2023-12-15,3250,3326.350098,3242,3313.899902,3282.143311,1631687
2023-12-16,NA,NA,NA,3313.899902,NA,NA
2023-12-17,NA,NA,NA,3313.899902,NA,NA
2023-12-18,3313,3335.800049,3296,3332.050049,3300.119629,911936
2023-12-19,3335.949951,3353.899902,3300.149902,3336.050049,3304.081299,780448
2023-12-20,3336.050049,3359.949951,3282.649902,3297.149902,3265.553955,979762
2023-12-21,3280,3320,3271.850098,3302.949951,3271.29834,1585879
2023-12-22,3309.899902,3350.800049,3287,3341.300049,3309.281006,930563
2023-12-23,NA,NA,NA,3341.300049,NA,NA
2023-12-24,NA,NA,NA,3341.300049,NA,NA
2023-12-25,NA,NA,NA,3341.300049,NA,NA
2023-12-26,3349.949951,3391.899902,3345.199951,3383.350098,3350.927979,600190
2023-12-27,3381.050049,3409.949951,3354,3404.449951,3371.825684,837182
2023-12-28,3405,3419.949951,3373.050049,3397.25,3364.694824,779250
2023-12-29,3410,3422.949951,3383.899902,3402.399902,3369.79541,615676
2023-12-30,NA,NA,NA,3402.399902,NA,NA
2023-12-31,NA,NA,NA,3402.399902,NA,NA
2024-01-01,3403,3411.800049,3389.149902,3396.100098,3363.555908,283951
2024-01-02,3396,3398.899902,3345,3391.350098,3358.851318,552394
2024-01-03,3391.350098,3399,3365,3373.600098,3341.271484,379131
2024-01-04,3372,3401.25,3363.800049,3379.949951,3347.560547,777127
2024-01-05,3379.949951,3380.399902,3348,3355.550049,3323.394531,416956
2024-01-06,NA,NA,NA,3355.550049,NA,NA
2024-01-07,NA,NA,NA,3355.550049,NA,NA
2024-01-08,3355,3376.5,3294.850098,3298.399902,3266.791992,545884
2024-01-09,3310,3315,3262.25,3267.5,3236.188232,670704
2024-01-10,3292,3293,3258.199951,3286.850098,3255.352783,691087
2024-01-11,3286.850098,3309.199951,3270.699951,3288.199951,3256.689697,537469
2024-01-12,3294.949951,3294.949951,3244,3277.800049,3246.389404,673004
2024-01-13,NA,NA,NA,3277.800049,NA,NA
2024-01-14,NA,NA,NA,3277.800049,NA,NA
2024-01-15,3282.199951,3287.199951,3258.600098,3273.899902,3242.526611,728116
2024-01-16,3274.949951,3320,3273.899902,3296.899902,3265.306396,748215
2024-01-17,3294.100098,3304.350098,3193.050049,3242.300049,3211.229736,2239241
2024-01-18,3257.949951,3257.949951,3048.600098,3163.850098,3133.531494,1979174
2024-01-19,3177.800049,3201.550049,3148.600098,3165.850098,3135.512451,936201
2024-01-20,NA,NA,NA,3165.850098,NA,NA
2024-01-21,NA,NA,NA,3165.850098,NA,NA
2024-01-22,NA,NA,NA,3165.850098,NA,NA
2024-01-23,3087.550049,3109,3021.550049,3054.699951,3025.427246,2365225
2024-01-24,3055,3055,2976.100098,2999.449951,2970.706787,2665932
2024-01-25,3010.050049,3016,2942.300049,2949.199951,2920.938232,2001961
2024-01-26,NA,NA,NA,2949.199951,NA,NA
2024-01-27,NA,NA,NA,2949.199951,NA,NA
2024-01-28,NA,NA,NA,2949.199951,NA,NA
2024-01-29,2940.050049,2988.449951,2940.050049,2976.050049,2947.531006,1862723
2024-01-30,2990,3005,2951.050049,2954.100098,2925.791504,1273188
2024-01-31,2966,2971.899902,2948.050049,2957.850098,2929.505615,1771244
2024-02-01,2961,2972.850098,2919.949951,2929.350098,2901.278564,3006472
2024-02-02,2950,2962.350098,2924.050049,2936.300049,2908.162109,1881911
2024-02-03,NA,NA,NA,2936.300049,NA,NA
2024-02-04,NA,NA,NA,2936.300049,NA,NA
2024-02-05,2950,2965,2912,2917.350098,2889.393555,923435
2024-02-06,2931,2947,2902.649902,2930.949951,2902.863281,1471312
2024-02-07,2957,3002.949951,2936.050049,2981.149902,2952.582031,1134012
2024-02-08,2999.75,2999.75,2919.800049,2929.600098,2901.526367,1633654
2024-02-09,2930,2959,2910.550049,2951.649902,2923.364746,1144765
2024-02-10,NA,NA,NA,2951.649902,NA,NA
2024-02-11,NA,NA,NA,2951.649902,NA,NA
2024-02-12,2951.649902,2964.949951,2920.050049,2953.800049,2925.494385,614469
2024-02-13,2964.949951,2981.25,2945.699951,2971.600098,2943.123779,717118
2024-02-14,2969.899902,2980.800049,2936.050049,2976.399902,2947.877686,750339
2024-02-15,2980,3024.5,2967.449951,3016.550049,2987.643066,1068730
2024-02-16,3035,3035,3000,3007.899902,2979.075684,1179473
2024-02-17,NA,NA,NA,3007.899902,NA,NA
2024-02-18,NA,NA,NA,3007.899902,NA,NA
2024-02-19,3007.899902,3018.699951,2987.5,2998.100098,2969.369873,560700
2024-02-20,2998.100098,3017.100098,2972.100098,3011.649902,2982.789795,729371
2024-02-21,3012.050049,3026.75,2983.5,3001.800049,2973.034424,927130
2024-02-22,2983,3027.199951,2932.100098,3017.399902,2988.484619,2615821
2024-02-23,2999,3005,2966.199951,2985.949951,2957.336182,1650523
2024-02-24,NA,NA,NA,2985.949951,NA,NA
2024-02-25,NA,NA,NA,2985.949951,NA,NA
2024-02-26,2920,2930,2847.800049,2868.449951,2840.962158,3524491
2024-02-27,2855,2870,2850.100098,2859.550049,2832.147461,1296180
2024-02-28,2850.149902,2859.399902,2785.5,2794.350098,2767.572266,2472196
2024-02-29,2785,2838,2776.75,2821.899902,2794.858154,2284424
2024-03-01,2832.899902,2845.949951,2815.050049,2831.75,2804.61377,978174
2024-03-02,NA,NA,NA,2831.75,NA,NA
2024-03-03,NA,NA,NA,2831.75,NA,NA
2024-03-04,2860,2860.949951,2828,2831.75,2804.61377,971299
2024-03-05,2834,2834.850098,2805,2820.399902,2793.372559,736381
2024-03-06,2827.949951,2839,2777.75,2827.300049,2800.206543,1723066
2024-03-07,2825,2894,2825,2870.550049,2843.041992,1564364
2024-03-08,NA,NA,NA,2870.550049,NA,NA
2024-03-09,NA,NA,NA,2870.550049,NA,NA
2024-03-10,NA,NA,NA,2870.550049,NA,NA
2024-03-11,2895.550049,2896.550049,2853.100098,2876.850098,2849.281738,866546
2024-03-12,2880,2899.899902,2865.449951,2876.149902,2848.588379,663186
2024-03-13,2878.600098,2887.25,2835,2860.149902,2832.741699,955841
2024-03-14,2860,2898.050049,2841,2892.25,2864.53418,1381741
2024-03-15,2895,2896.949951,2850,2867.550049,2840.070801,1356226
2024-03-16,NA,NA,NA,2867.550049,NA,NA
2024-03-17,NA,NA,NA,2867.550049,NA,NA
2024-03-18,2866,2866,2817.25,2846.5,2819.222412,940424
2024-03-19,2840,2840,2801,2815.100098,2788.123535,1199135
2024-03-20,2815.100098,2837.050049,2797.550049,2824.899902,2797.829346,818910
2024-03-21,2845,2845.399902,2806,2821.149902,2794.115234,1167680
2024-03-22,2821.149902,2855.149902,2808,2841.5,2814.270508,1652689
2024-03-23,NA,NA,NA,2841.5,NA,NA
2024-03-24,NA,NA,NA,2841.5,NA,NA
2024-03-25,NA,NA,NA,2841.5,NA,NA
2024-03-26,2820,2844.149902,2810,2814.649902,2787.677734,1372390
2024-03-27,2817.949951,2842.850098,2817.699951,2830.5,2803.375732,1156231
2024-03-28,2835.050049,2868,2819,2846.75,2819.470215,1864623
